"#","ML Number","Status","Address","City","Zip","List Price","Close Price","Concessions","Rent Concession","ADOM","CDOM","Floors in Unit/Home","Basement","Garage Spaces","Garage Dimensions","Living Area Units","Year Built","Heated Area","SqFt Total"
"1","T3472163","CAN","19336 PADDOCK VIEW DR","TAMPA","33647","$600,000","","","","28","28","Two","","3","20x40","Square Feet","2015","3,288","4,323"
"1","T3466270","CAN","7912 PAT BLVD","TAMPA","33615","$600,000","","","","63","63","One","","","","Square Feet","1970","2,352","2,676"
"1","T3459279","CAN","10228 GARDEN ALCOVE DR","TAMPA","33647","$600,000","","","","118","118","Two","","3","","Square Feet","1999","3,525","4,776"
"1","U8204264","CAN","2109 W CHERRY ST","TAMPA","33607","$600,000","","","","65","65","Two","","1","","Square Feet","2022","1,582","1,876"
"1","U8204245","CAN","2111 W CHERRY ST","TAMPA","33607","$600,000","","","","65","65","Two","","1","","Square Feet","2022","1,582","1,876"
"1","T3443362","CAN","11404 LAKE LUCAYA DR","RIVERVIEW","33579","$600,000","","","","55","55","Two","","3","","Square Feet","2016","3,404","4,215"
"1","U8170175","CAN","7307 S MASCOTTE ST","TAMPA","33616","$600,000","","","","151","151","Two","","","","Square Feet","2005","2,238","2,412"
"1","T3485566","CAN","20426 WALNUT GROVE LN","TAMPA","33647","$610,000","","","","13","13","One","","3","","Square Feet","2006","2,773","3,798"
"1","T3471234","CAN","11431 GEORGETOWN CIR","TAMPA","33635","$610,000","","","","62","104","One","","2","20x18","Square Feet","1995","2,207","2,942"
"1","T3452513","CAN","2418 OAK LANDING DR","BRANDON","33511","$615,000","","","","13","13","One","","2","","Square Feet","1989","2,688","3,878"
"1","T3397546","CAN","12252 BLUE PACIFIC DR","RIVERVIEW","33579","$615,000","","","","109","109","Two","","2","","Square Feet","2019","3,092","4,019"
"1","T3457994","CAN","11431 GEORGETOWN CIR","TAMPA","33635","$619,999","","","","42","42","One","","2","","Square Feet","1995","2,207","3,142"
"1","U8221773","CAN","7519 N COOLIDGE AVE","TAMPA","33614","$620,000","","","","18","551","Two","","2","","Square Feet","2023","2,303","3,296"
"1","T3373320","CAN","7519 N COOLIDGE AVE","TAMPA","33614","$620,000","","","","533","533","Two","","2","20X20","Square Feet","2023","2,303","3,296"
"1","T3455871","CAN","20254 RAVENS END DR","TAMPA","33647","$624,500","","","","44","44","One","","2","","Square Feet","2009","2,859","3,647"
"1","T3464308","CAN","1509 W WINDHORST RD","BRANDON","33510","$624,900","","","","63","63","Two","","","","Square Feet","1900","2,678","2,984"
"1","T3458211","CAN","8010 CYPRESS CROSSING CT","TAMPA","33647","$624,900","","","","80","80","Two","","3","","Square Feet","2013","3,096","3,096"
"1","T3472364","CAN","15838 GLENARN DR","TAMPA","33618","$625,000","","","","10","10","Two","","2","","Square Feet","1987","2,462","3,641"
"1","T3470652","CAN","4408 W SAN MIGUEL ST","TAMPA","33629","$625,000","","","","82","82","One","","","","Square Feet","1960","1,664","1,760"
"1","T3462331","CAN","13017 WILLOW GROVE DR","RIVERVIEW","33579","$625,000","","","","55","55","Two","","3","","Square Feet","2022","3,275","3,600"
"1","T3451610","CAN","9315 KNIGHTSBRIDGE CT","TAMPA","33647","$625,000","","","","42","42","Two","","2","20x20","Square Feet","1992","3,235","4,018"
"1","T3450464","CAN","10716 DALTON AVE","TAMPA","33615","$625,000","","","","32","182","Two","","2","20x20","Square Feet","1961","1,500","2,964"
"1","T3447500","CAN","3013 GRAHAM LN","TAMPA","33618","$625,000","","","","149","327","One","","2","00x00","Square Feet","1987","2,200","3,356"
"1","A4570167","CAN","12350 CREEK EDGE DR","RIVERVIEW","33579","$625,000","","","","92","92","One","","3","","Square Feet","2006","3,134","4,065"
"1","T3472627","CAN","12756 TANNENCREST DR","RIVERVIEW","33579","$627,000","","","","77","77","Two","","2","20x20","Square Feet","2022","2,937","3,430"
"1","U8213933","CAN","12906 TWIN BRIDGES DR","RIVERVIEW","33579","$627,400","","","","23","23","One","","3","","Square Feet","2022","2,563","4,000"
"1","U8216123","CAN","5813 OSCEOLA PL Unit#1/2","TAMPA","33604","$629,900","","","","49","87","One","","1","","Square Feet","1946","2,200","2,500"
"1","T3396985","CAN","4917 CARLYLE RD","TAMPA","33615","$629,900","","","","223","223","One","","","","Square Feet","1963","1,992",""
"1","T3434577","CAN","606 SPRING BLOSSOM CT","BRANDON","33511","$630,000","","","","67","67","One","","3","","Square Feet","1997","2,844","4,033"
"1","T3440424","CAN","7004 DOWLING MILL CIR","TAMPA","33625","$634,900","","","","177","177","Two","","2","","Square Feet","2013","3,181","3,864"
"1","T3460916","CAN","8116 N ORLEANS AVE","TAMPA","33604","$638,000","","","","117","117","One","","2","","Square Feet","2003","2,462","17,424"
"1","T3462739","CAN","20001 BEARS TRACK LN","TAMPA","33647","$639,947","","","","111","111","Two","","3","","Square Feet","2010","3,600","3,600"
"1","U8218155","CAN","13017 WILLOW GROVE DR","RIVERVIEW","33579","$640,000","","","","45","100","Two","","3","","Square Feet","2022","3,316","4,266"
"1","T3467329","CAN","13125 FOXTAIL FERN DR","RIVERVIEW","33579","$645,000","","","","33","33","Two","","3","","Square Feet","2021","3,419","4,305"
"1","U8220270","CAN","4405 N SUWANEE AVE","TAMPA","33603","$649,000","","","","34","34","Two","","","","Square Feet","1941","2,880","4,080"
"1","T3466750","CAN","5614 PINEY LANE DR","TAMPA","33625","$649,000","","","","11","11","One","","2","","Square Feet","1991","2,405","3,213"
"1","T3447812","CAN","3412 HANDY RD","TAMPA","33618","$649,000","","","","97","97","One","","","","Square Feet","1964","2,876","3,392"
"1","T3474396","CAN","7710 S DESOTO ST","TAMPA","33616","$649,900","","","","49","49","Two","","2","","Square Feet","2011","2,308","3,086"
"1","T3444031","CAN","8257 SWANN HOLLOW DR","TAMPA","33647","$649,900","","","","148","148","Multi/Split","","2","","Square Feet","2002","2,578","3,213"
"1","T3477177","CAN","12007 VERMILLION WAY WAY","RIVERVIEW","33569","$649,999","","","","7","12","One","","","","Square Feet","1988","2,706","2,898"
"1","T3395287","CAN","7105 N 9TH ST","TAMPA","33604","$649,999","","","","57","57","Two","","","","Square Feet","1930","1,860",""
"1","T3434264","CAN","7717 PALMBROOK DR","TAMPA","33615","$650,000","","","","210","210","Two","Other","1","","Square Feet","1977","1,931","2,300"
"1","T3418003","CAN","115 W POWHATAN AVE","TAMPA","33604","$650,000","","","","73","73","One","Crawl Space","","","Square Feet","1928","2,192","2,506"
"1","T3416915","CAN","1205 E NORTH ST","TAMPA","33604","$650,000","","","","9","9","One","","2","","Square Feet","1948","2,166","2,975"
"1","T3416908","CAN","1207 E NORTH ST","TAMPA","33604","$650,000","","","","9","9","One","","2","","Square Feet","1948","2,166","2,975"
"1","T3400550","CAN","3115 W NASSAU ST","TAMPA","33607","$650,000","","","","55","55","One","","1","","Square Feet","1960","1,452",""
"1","T3421262","CAN","211 W ELM ST","TAMPA","33604","$653,000","","","","196","196","Two","","","","Square Feet","2023","1,755","2,064"
"1","T3459155","CAN","702 W KENTUCKY AVE","TAMPA","33603","$655,000","","","","7","7","One","","1","22X22","Square Feet","1948","1,800","1,800"
"1","O6124426","CAN","20005 TAMIAMI AVE","TAMPA","33647","$655,000","","","","94","94","Two","","3","33X21","Square Feet","2005","3,599","3,599"
"1","T3427910","CAN","3003 W NASSAU ST","TAMPA","33607","$659,000","","","","240","240","One","","","","Square Feet","1958","1,990","1,990"
"1","T3474450","CAN","13346 PALMERA VISTA DR","RIVERVIEW","33579","$659,500","","","","46","46","Two","","2","","Square Feet","2018","3,328","3,942"
"1","T3466173","CAN","4102 W BROAD ST","TAMPA","33614","$659,900","","","","13","13","One","","","","Square Feet","1957","2,548","2,808"
"1","T3483596","CAN","823 TERRA VISTA ST","BRANDON","33511","$660,000","","","","11","11","One","","3","","Square Feet","2017","2,546","3,504"
"1","T3443250","CAN","108 E GENESEE ST","TAMPA","33603","$665,000","","","","58","58","Two","","","","Square Feet","2017","2,204","2,684"
"1","U8204500","CAN","5813 OSCEOLA PL Unit#1/2","TAMPA","33604","$669,000","","","","38","38","One","","1","","Square Feet","1946","2,200","2,597"
"1","T3419484","CAN","9214 RIVERVIEW DR","RIVERVIEW","33578","$669,000","","","","22","22","Two","Crawl Space","","","Square Feet","2007","3,036","4,008"
"1","T3477219","CAN","817 W FRIBLEY ST","TAMPA","33603","$670,000","","","","28","28","One","","1","","Square Feet","1952","2,132","2,248"
"1","T3467684","CAN","11201 LARK LANDING CT","RIVERVIEW","33569","$674,000","","","","21","21","Two","","3","","Square Feet","2017","3,833","4,876"
"1","U8214042","CAN","20330 NATURES CORNER DR","TAMPA","33647","$675,000","","","","20","20","Two","","3","","Square Feet","2008","3,417","4,393"
"1","T3458864","CAN","7623 CARON RD","TAMPA","33615","$675,500","","","","66","180","One","","2","","Square Feet","2022","2,383","3,300"
"1","T3474005","CAN","14124 HAMMOCK CREST WAY","RIVERVIEW","33569","$678,500","","","","35","35","Two","","2","","Square Feet","2022","3,432","4,350"
"1","T3475689","CAN","2824 CORRINE ST","TAMPA","33605","$679,900","","","","64","64","Two","","2","","Square Feet","2017","1,861","2,478"
"1","T3455638","CAN","1013 SYLVIA LN","TAMPA","33613","$689,000","","","","59","59","One","","2","19x21","Square Feet","1984","2,346","3,157"
"1","T3442050","CAN","10913 KIDRON VALLEY LN","TAMPA","33625","$695,000","","","","163","163","Two","","2","","Square Feet","2021","2,738","3,238"
"1","T3442911","CAN","7629 CARON RD","TAMPA","33615","$696,500","","","","105","264","One","","2","","Square Feet","2022","2,246","3,038"
"1","O6140717","CAN","504 E NEW ORLEANS AVE","TAMPA","33603","$699,000","","","","54","54","Two","","2","20x25","Square Feet","2023","2,000","2,650"
"1","T3446241","CAN","7516 S KISSIMMEE ST","TAMPA","33616","$699,000","","","","119","119","Two","","2","","Square Feet","2021","2,782","2,782"
"1","T3446015","CAN","701 W INDIANA AVE","TAMPA","33603","$699,900","","","","126","126","One","","","","Square Feet","1952","2,424","2,504"
"1","T3475621","CAN","2602 W NASSAU ST","TAMPA","33607","$699,990","","","","57","57","Two","","2","20x20","Square Feet","2016","1,832","2,378"
"1","T3448455","CAN","18134 REGENTS SQUARE DR","TAMPA","33647","$700,000","","","","83","83","Two","","3","30X23","Square Feet","1998","3,039","4,040"
"1","T3440462","CAN","2906 W BAY AVE","TAMPA","33611","$700,000","","","","67","67","One","","2","","Square Feet","2001","1,987","1,987"
"1","T3436524","CAN","13303 N ROME AVE","TAMPA","33612","$700,000","","","","92","92","One","","1","","Square Feet","1958","4,057","5,661"
"1","T3431398","CAN","1903 E 17TH AVE","TAMPA","33605","$700,000","","","","195","195","Two","","2","","Square Feet","2023","2,471","3,084"
"1","T3428680","CAN","1208 MAGDALENE HILL DR","TAMPA","33613","$700,000","","","","132","132","Two","","2","","Square Feet","1986","3,210","4,076"
"1","T3457501","CAN","8205 PRAISE DR","TAMPA","33625","$709,000","","","","0","0","Two","","2","20x21","Square Feet","2020","2,738","3,380"
"1","W7857339","CAN","110 WOODDALE DR","BRANDON","33511","$710,000","","","","30","30","One","","2","","Square Feet","1972","2,460","3,726"
"1","T3448370","CAN","7611 S TRASK ST","TAMPA","33616","$710,000","","","","60","60","Two","","2","","Square Feet","2012","2,511","3,249"
"1","T3235966","CAN","13531 WESTSHIRE DR","TAMPA","33618","$719,900","","","","77","77","Two","","2","22x22","Square Feet","1997","3,343","4,095"
"1","T3424610","CAN","7406 MOUNT VERNON RD","TAMPA","33625","$719,999","","","","159","159","One","","2","19X22","Square Feet","2023","2,173","2,931"
"1","A4573663","CAN","10201 CYPRESS LINKS DR","TAMPA","33647","$720,000","","","","4","4","One","","3","","Square Feet","2000","2,984","4,170"
"1","W7858351","CAN","17928 BAHAMA ISLE CIR","TAMPA","33647","$722,800","","","","74","74","Two","","2","18x20","Square Feet","2004","3,429","4,300"
"1","T3458668","CAN","4218 W BARCELONA ST","TAMPA","33629","$724,900","","","","84","84","One","","2","","Square Feet","1963","1,852","2,464"
"1","T3480563","CAN","10242 ESTUARY DR","TAMPA","33647","$725,000","","","","57","57","Two","","3","29x22","Square Feet","2003","3,318","4,482"
"1","T3480171","CAN","11609 TETRAFIN DR","RIVERVIEW","33579","$725,000","","","","4","4","Two","","3","","Square Feet","2018","3,461","3,461"
"1","T3406575","CAN","8507 PATSY ST","TAMPA","33615","$725,000","","","","175","175","One","","2","","Square Feet","2023","2,450","3,354"
"1","T3474499","CAN","2907 W TRILBY AVE","TAMPA","33611","$730,000","","","","8","8","Two","","2","20X24","Square Feet","1987","2,040","2,471"
"1","U8209620","CAN","4604 LAVER CT","TAMPA","33624","$730,000","","","","70","70","Two","","2","","Square Feet","1981","2,875","3,359"
"1","T3431649","CAN","1908 E 17TH AVE","TAMPA","33605","$730,000","","","","195","195","Two","","2","","Square Feet","2023","2,471","3,084"
"1","T3458253","CAN","515 W WINDHORST RD","BRANDON","33510","$739,000","","","","136","136","One","","2","","Square Feet","1965","2,292","2,976"
"1","T3449921","CAN","817 W FRIBLEY ST","TAMPA","33603","$742,000","","","","42","42","One","","","","Square Feet","1952","2,132","2,248"
"1","T3460477","CAN","11311 TRALEE DR","RIVERVIEW","33569","$745,000","","","","91","91","Two","","2","","Square Feet","2002","3,158","4,084"
"1","T3378325","CAN","4617 BAY CREST DR","TAMPA","33615","$749,000","","","","396","396","One","","2","","Square Feet","1968","2,076",""
"1","T3463396","CAN","7101 N 18TH ST","TAMPA","33610","$750,000","","","","75","75","Two","","","","Square Feet","1984","2,297","2,879"
"1","T3423324","CAN","13221 FAWN LILY DR","RIVERVIEW","33579","$750,000","","","","138","138","One","","3","32X22","Square Feet","2014","3,160","4,264"
"1","T3405606","CAN","14604 BOYETTE RD","RIVERVIEW","33569","$750,000","","","","359","359","One","","6","30x80","Square Feet","1963","1,312",""
"1","T3381103","CAN","716 S PACKWOOD AVE","TAMPA","33606","$750,000","","","","34","34","Two","","","","Square Feet","1916","1,534","1,566"
"1","T3412787","CAN","820 W WOODLAWN AVE","TAMPA","33603","$759,499","","","","218","218","One","","","","Square Feet","1920","2,650","3,130"
"1","T3453837","CAN","1004 E EMMA ST","TAMPA","33603","$769,900","","","","160","160","Two","","0","12X22","Square Feet","2023","2,607","3,459"
"1","T3470065","CAN","10350 BOYETTE BROOKS ST","RIVERVIEW","33569","$769,990","","","","77","77","Two","","2","","Square Feet","2023","3,422","4,299"
"1","T3458859","CAN","1918 TEEPEE DR","TAMPA","33618","$775,000","","","","86","86","One","","2","24x24","Square Feet","1984","3,829","4,440"
"1","T3483018","CAN","3611 OHIO AVE","TAMPA","33611","$789,000","","","","2","2","Two","","2","20x20","Square Feet","2013","2,194","2,364"
"1","T3453090","CAN","4904 W SAN RAFAEL ST","TAMPA","33629","$789,000","","","","36","36","Two","","2","","Square Feet","1976","1,868","2,670"
"1","T3381760","CAN","2323 W NORTH B ST","TAMPA","33609","$790,000","","","","343","343","One","","","","Square Feet","1940","1,127","1,171"
"1","T3454277","CAN","2203 W DEKLE AVE","TAMPA","33606","$795,000","","","","54","54","Two","","","","Square Feet","1928","1,598","1,646"
"1","T3449443","CAN","2125 W BEARSS AVE","TAMPA","33618","$795,000","","","","24","24","One","","2","","Square Feet","2023","3,280","4,724"
"1","U8189503","CAN","501 N MACDILL AVE","TAMPA","33609","$795,000","","","","57","57","One","","","","Square Feet","1946","1,461","1,461"
"1","T3377784","CAN","90 BISCAYNE AVE","TAMPA","33606","$795,000","","","","0","0","One","","","","Square Feet","1956","1,633","1,909"
"1","T3435284","CAN","11807 CROSS VINE DR","RIVERVIEW","33579","$798,500","","","","134","134","Two","","3","21x32","Square Feet","2014","3,277","5,468"
"1","T3446319","CAN","904 RIVER RAPIDS AVE","BRANDON","33511","$799,000","","","","122","122","One","","2","","Square Feet","1998","2,608","3,750"
"1","U8200680","CAN","21-7 AMHERST","TAMPA","33625","$799,000","","","","54","54","Two","","2","20x24","Square Feet","2024","2,084","2,687"
"1","O6109484","CAN","909 E CAYUGA ST","TAMPA","33603","$799,000","","","","107","107","Two","","","","Square Feet","1920","3,437","3,648"
"1","T3446043","CAN","13615 LIANA ROSE WAY","TAMPA","33618","$799,900","","","","82","82","One","","3","","Square Feet","2018","2,528","3,317"
"1","T3372824","CAN","7203 S SPARKMAN ST","TAMPA","33616","$799,999","","","","160","160","Two","","2","24X22","Square Feet","2022","2,956","3,742"
"1","T3466568","CAN","20209 MOSS HILL WAY","TAMPA","33647","$800,000","","","","46","46","Two","","3","","Square Feet","2006","3,336","3,336"
"1","T3355914","CAN","5002 W IDAHO ST","TAMPA","33616","$800,000","","","","75","75","Two","","2","","Square Feet","2022","3,100",""
"1","T3469076","CAN","2302 W TEXAS AVE","TAMPA","33629","$810,000","","","","6","6","One","","","","Square Feet","1949","1,040","1,328"
"1","T3484824","CAN","4113 W SAN LUIS ST","TAMPA","33629","$825,000","","","","21","21","Two","","2","","Square Feet","1992","2,089","2,851"
"1","T3387448","CAN","4425 OKLAHOMA AVE W","TAMPA","33616","$829,000","","","","190","190","Two","","2","","Square Feet","2022","2,568","3,568"
"1","T3455485","CAN","13729 MOONSTONE CANYON DR","RIVERVIEW","33579","$829,900","","","","3","3","Two","","3","29x22","Square Feet","2018","3,159","4,241"
"1","T3472277","CAN","4209 W EUCLID AVE","TAMPA","33629","$835,000","","","","58","58","One","Crawl Space","","","Square Feet","1955","2,117","2,433"
"1","O6152081","CAN","16311 HEATHROW DR","TAMPA","33647","$839,000","","","","13","13","Two","","","","Square Feet","2000","3,182","4,641"
"1","T3450212","CAN","210 S OCCIDENT ST","TAMPA","33609","$839,000","","","","66","66","One","","2","","Square Feet","1962","2,046","2,224"
"1","T3463518","CAN","405 E PARIS ST","TAMPA","33604","$839,500","","","","112","112","One","","1","18x20","Square Feet","1928","1,824","2,184"
"1","T3469215","CAN","5323 LAKE PEARL CT","TAMPA","33625","$839,900","","","","50","50","One","","2","","Square Feet","2023","2,275","3,173"
"1","T3453843","CAN","3105 W SPRUCE ST","TAMPA","33607","$840,000","","","","67","67","One","","","","Square Feet","1913","2,415","2,430"
"1","T3472304","CAN","909 E. CAYUGA ST","TAMPA","33603","$842,000","","","","47","154","Two","","","","Square Feet","1920","3,437","3,648"
"1","T3462048","CAN","4309 DEEPWATER LN","TAMPA","33615","$849,000","","","","42","42","One","","2","20x20","Square Feet","1982","2,390","3,447"
"1","L4938406","CAN","13009 SAINT FILAGREE DR","RIVERVIEW","33579","$850,000","","","","64","64","Two","","2","","Square Feet","1997","4,009","6,187"
"1","U8203837","CAN","10442 GREENDALE DR","TAMPA","33626","$850,000","","","","8","8","Multi/Split","","3","","Square Feet","1999","2,792","3,625"
"1","T3450550","CAN","2411 W CYPRESS ST","TAMPA","33609","$850,000","","","","146","146","One","","","","Square Feet","2016","2,079","2,496"
"1","T3420374","CAN","12803 BAY LEAF PL","TAMPA","33624","$850,000","","","","82","82","One","","2","","Square Feet","1989","2,379","3,137"
"1","U8176638","CAN","2507 W VIRGINIA AVE","TAMPA","33607","$850,000","","","","78","78","One","","","","Square Feet","1959","2,754","3,430"
"1","T3384950","CAN","6233 GREENWICH DR","TAMPA","33647","$850,000","","","","78","78","One","","3","","Square Feet","2002","2,278",""
"1","U8207103","CAN","11315 LAZY HICKORY LN","TAMPA","33635","$855,000","","","","130","130","Two","","2","22x20","Square Feet","2015","3,170","3,610"
"1","T3473981","CAN","11785 LAKE LUCAYA DR","RIVERVIEW","33579","$865,000","","","","60","60","One","","3","30x20","Square Feet","2020","2,935","3,944"
"1","T3468009","CAN","11831 CROSS VINE DR","RIVERVIEW","33579","$875,000","","","","93","93","Two","","2","23x24","Square Feet","2016","3,600","4,424"
"1","T3447494","CAN","2302 S OCCIDENT ST","TAMPA","33629","$879,500","","","","47","47","Two","","2","","Square Feet","1964","1,760","2,983"
"1","T3463171","CAN","8404 DIXON AVE","TAMPA","33604","$899,000","","","","35","35","One","","","","Square Feet","1955","520","2,400"
"1","T3460940","CAN","11407 LAKE LUCAYA DR","RIVERVIEW","33579","$899,000","","","","118","118","Two","","2","","Square Feet","2016","3,625","4,468"
"1","T3438990","CAN","3824 W SAN JUAN ST","TAMPA","33629","$899,000","","","","1","1","Two","","1","","Square Feet","1949","2,655","3,100"
"1","J956783","CAN","4414 CARROLLWOOD VILLAGE DR","TAMPA","33618","$899,000","","","","142","142","Two","","2","","Square Feet","1973","3,250","4,029"
"1","T3455555","CAN","5816 GALLEON WAY","TAMPA","33615","$899,990","","","","77","77","One","","2","","Square Feet","1979","2,044","3,012"
"1","T3455651","CAN","13858 SHARP HAWK DR","RIVERVIEW","33569","$914,999","","","","59","59","Two","","3","","Square Feet","2023","4,272","4,272"
"1","T3469098","CAN","6812 VALRIE LN","RIVERVIEW","33569","$925,000","","","","13","13","Multi/Split","","","","Square Feet","1981","2,237","2,237"
"1","T3462109","CAN","211 S ALBANY AVE","TAMPA","33606","$935,000","","","","19","88","One","","","","Square Feet","1926","2,031","2,343"
"1","T3442516","CAN","20003 RYMAN PL","TAMPA","33647","$949,000","","","","21","21","One","","3","","Square Feet","2006","3,748","5,053"
"1","A4584889","CAN","2111 W NORTH A ST Unit#AB","TAMPA","33606","$949,300","","","","26","26","One","","","","Square Feet","1948","724","724"
"1","U8216745","CAN","3948 DORAL DR","TAMPA","33634","$950,000","","","","21","161","One","","2","","Square Feet","1966","2,209","2,966"
"1","A4569842","CAN","3103 W KNIGHTS AVE","TAMPA","33611","$959,000","","","","56","56","Two","","","","Square Feet","1980","2,185","2,185"
"1","T3467237","CAN","3824 W CARMEN ST","TAMPA","33609","$965,000","","","","43","43","Two","","2","","Square Feet","1958","2,663","3,673"
"1","T3461933","CAN","20109 OAK ALLEY DR","TAMPA","33647","$975,000","","","","78","78","One","","3","","Square Feet","2007","3,203","4,607"
"1","T3450012","CAN","1318 LOREA LN","BRANDON","33511","$975,000","","","","119","119","Two","","3","","Square Feet","2017","3,290","4,473"
"1","T3460120","CAN","14768 SAN MARSALA CT","TAMPA","33626","$978,800","","","","87","87","Two","","3","","Square Feet","2004","3,116","4,090"
"1","T3449805","CAN","5819 S 3RD ST","TAMPA","33611","$989,000","","","","26","26","Two","","2","","Square Feet","2005","2,936","3,852"
"1","T3446420","CAN","4818 W EUCLID AVE","TAMPA","33629","$990,999","","","","80","276","One","","1","","Square Feet","1955","1,763","2,089"
"1","T3440908","CAN","10722 DONBRESE AVE","TAMPA","33615","$995,000","","","","100","100","One","","2","","Square Feet","1964","2,404","3,201"
"1","T3380989","CAN","2709 W BAY AVE","TAMPA","33611","$995,000","","","","46","46","Two","","2","","Square Feet","1990","2,633","3,573"
"1","T3431097","CAN","5115 ABISHER WOOD LN","BRANDON","33511","$999,000","","","","112","112","Two","","4","","Square Feet","2006","3,851","4,927"
"1","T3451566","CAN","4403 W OSBORNE AVE","TAMPA","33614","$1,000,000","","","","125","125","One","","","","Square Feet","1955","1,550","1,550"
"1","R4906764","CAN","9601 N ROME AVE","TAMPA","33612","$1,000,000","","","","128","128","Two","","1","","Square Feet","1956","3,396","11,610"
"1","T3425833","CAN","4014 PRIORY CIR","TAMPA","33618","$1,050,000","","","","23","23","Two","","3","","Square Feet","1979","3,763","5,059"
"1","T3472575","CAN","3008 W LEILA AVE","TAMPA","33611","$1,095,000","","","","79","79","Two","","2","","Square Feet","2009","2,827","3,711"
"1","U8216151","CAN","5508 N BRANCH AVE","TAMPA","33604","$1,100,000","","","","19","19","Two","","1","26x16","Square Feet","1918","2,805","3,324"
"1","O6116502","CAN","4420 CARROLLWOOD VILLAGE DR","TAMPA","33618","$1,100,000","","","","43","43","Two","","","","Square Feet","1976","3,019","3,019"
"1","T3446955","CAN","6232 INTERBAY BLVD","TAMPA","33611","$1,100,000","","","","48","48","Two","","2","18x20","Square Feet","2021","3,026","3,892"
"1","T3435090","CAN","3407 OHIO AVE","TAMPA","33611","$1,100,000","","","","22","22","Two","","2","","Square Feet","2016","2,895","2,895"
"1","U8186361","CAN","620 COLUMBIA DR","TAMPA","33606","$1,100,000","","","","172","172","One","","","","Square Feet","1963","1,581","1,581"
"1","U8177013","CAN","1219 S 66TH ST","TAMPA","33619","$1,100,000","","","","108","108","Two","","","","Square Feet","1993","4,658",""
"1","A4528793","CAN","11003 DIXON DR","RIVERVIEW","33579","$1,100,000","","","","526","526","One","","","","Square Feet","1974","2,248",""
"1","T3453649","CAN","5204 FERN ROW LN","TAMPA","33611","$1,125,000","","","","11","32","One","","2","","Square Feet","2021","2,762","3,416"
"1","T3445708","CAN","6105 SCHOONER WAY","TAMPA","33615","$1,125,000","","","","129","129","One","","2","","Square Feet","1982","2,832","3,336"
"1","T3454903","CAN","8008 FORMBY ST","RIVERVIEW","33578","$1,149,000","","","","78","78","One","","3","","Square Feet","2020","4,257","5,741"
"1","T3444002","CAN","17834 GREY BROOKE DR","TAMPA","33647","$1,149,900","","","","215","215","One","","2","23x23","Square Feet","1989","4,000","4,576"
"1","T3396403","CAN","3012 W SAN JOSE ST","TAMPA","33629","$1,165,000","","","","52","52","Two","","","","Square Feet","1992","2,468",""
"1","T3440635","CAN","2910 W AVERILL AVE","TAMPA","33611","$1,199,900","","","","104","104","Two","","2","","Square Feet","2022","2,846","3,224"
"1","L4938365","CAN","613 SUPERIOR AVE","TAMPA","33606","$1,200,000","","","","29","29","One","","","","Square Feet","1955","2,018","2,378"
"1","T3427325","CAN","7207 S WEST SHORE BLVD","TAMPA","33616","$1,200,000","","","","154","154","One","","","","Square Feet","1946","1,520","2,026"
"1","T3451885","CAN","3119 W CHEROKEE AVE","TAMPA","33611","$1,229,000","","","","12","12","Two","","2","21x18","Square Feet","2021","3,120","3,753"
"1","T3329000","CAN","3416 OHIO AVE","TAMPA","33611","$1,235,000","","","","409","409","Two","","2","","Square Feet","2022","3,242","4,128"
"1","T3439035","CAN","6914 S WALL ST","TAMPA","33616","$1,249,000","","","","106","106","Two","","2","21x21","Square Feet","1982","2,368","3,068"
"1","T3472447","CAN","1214 E PARK CIR","TAMPA","33604","$1,249,999","","","","88","88","One","","","","Square Feet","1941","1,517","1,533"
"1","T3469007","CAN","14252 SWISS BRIDGE DR","RIVERVIEW","33579","$1,250,000","","","","30","30","Two","","3","","Square Feet","2022","4,364","5,523"
"1","T3437689","CAN","2722 N MYRTLE AVE","TAMPA","33602","$1,250,000","","","","81","81","Two","","2","22x22","Square Feet","2007","3,138","3,886"
"1","T3443108","CAN","715 W PENINSULAR ST","TAMPA","33603","$1,290,000","","","","92","349","Two","","2","","Square Feet","2024","3,000","3,600"
"1","T3441542","CAN","5611 E LONGBOAT BLVD","TAMPA","33615","$1,299,000","","","","209","209","Two","","2","","Square Feet","2001","4,444","5,915"
"1","T3466261","CAN","3621 S RENELLIE DR","TAMPA","33629","$1,300,000","","","","50","50","Two","","2","","Square Feet","2024","3,260","4,049"
"1","T3460094","CAN","3621 S RENELLIE DR","TAMPA","33629","$1,300,000","","","","0","0","Two","","2","","Square Feet","2024","3,260","4,049"
"1","T3415885","CAN","3001 S EMERSON ST","TAMPA","33629","$1,325,000","","","","188","188","One","","2","22x21","Square Feet","1955","2,312","2,888"
"1","T3462710","CAN","15702 COCHESTER RD","TAMPA","33647","$1,339,000","","","","19","19","Two","","3","","Square Feet","2002","4,058","5,187"
"1","T3441141","CAN","4910 W SAN MIGUEL ST","TAMPA","33629","$1,349,800","","","","106","106","Two","","2","","Square Feet","1962","3,940","4,462"
"1","T3420263","CAN","3522 OHIO AVE","TAMPA","33611","$1,375,000","","","","168","168","One","","3","","Square Feet","2002","3,727","4,954"
"1","T3454140","CAN","4916 W BAY WAY DR","TAMPA","33629","$1,399,000","","","","57","128","Two","","2","00X00","Square Feet","1972","3,359","3,871"
"1","T3434983","CAN","4722 W LAUREL RD","TAMPA","33629","$1,399,000","","","","186","186","Two","","2","","Square Feet","1960","3,010","4,030"
"1","T3430404","CAN","3900 GREENWOOD DR","TAMPA","33611","$1,399,000","","","","87","87","Two","","2","","Square Feet","2023","3,108","3,790"
"1","T3446721","CAN","4418 W KENSINGTON AVE","TAMPA","33629","$1,400,000","","","","54","54","Two","","2","21x21","Square Feet","2018","3,221","4,336"
"1","T3391345","CAN","6106 HARTFORD ST","TAMPA","33619","$1,450,000","","","","349","548","One","","","","Square Feet","1977","1,074",""
"1","T3449201","CAN","633 MARMORA AVE","TAMPA","33606","$1,490,000","","","","113","113","One","","","","Square Feet","1955","1,900","2,700"
"1","T3452590","CAN","517 W PLAZA PL","TAMPA","33602","$1,499,000","","","","47","47","Two","","2","","Square Feet","2023","3,069","3,069"
"1","T3453229","CAN","3114 W CHAPIN AVE","TAMPA","33611","$1,500,000","","","","91","91","Two","","2","","Square Feet","1976","2,838","3,440"
"1","T3439540","CAN","4703 W SAN MIGUEL ST","TAMPA","33629","$1,500,000","","","","26","26","Two","","2","","Square Feet","1976","3,606","4,796"
"1","T3420601","CAN","53 ALBEMARLE AVE","TAMPA","33606","$1,500,000","","","","136","136","Three Or More","","1","16x20","Square Feet","1925","2,418","3,078"
"1","T3485121","CAN","2819 SAFE HARBOR DR","TAMPA","33618","$1,549,000","","","","8","8","Two","","3","","Square Feet","1997","4,200","5,742"
"1","T3457936","CAN","4901 W ESTRELLA ST","TAMPA","33629","$1,550,000","","","","16","16","Two","","2","22x22","Square Feet","1979","3,649","4,136"
"1","T3385585","CAN","4820 LONGWATER WAY","TAMPA","33615","$1,575,000","","","","239","239","One","","3","","Square Feet","1987","2,873",""
"1","A4571624","CAN","7602 ANTILLA ST","TAMPA","33625","$1,590,000","","","","54","54","Two","","2","","Square Feet","2022","2,672","3,537"
"1","T3378813","CAN","905 S BRUCE ST","TAMPA","33606","$1,625,000","","","","119","119","Two","","","","Square Feet","1927","2,265","2,885"
"1","T3467442","CAN","679 GENEVA PL","TAMPA","33606","$1,695,000","","","","13","13","Two","","2","","Square Feet","2008","3,487","4,214"
"1","W7857324","CAN","4820 LONGWATER WAY","TAMPA","33615","$1,775,000","","","","39","39","One","","3","","Square Feet","1987","2,873","4,061"
"1","T3429695","CAN","338 W RIO VISTA CT","TAMPA","33604","$1,850,000","","","","222","222","Two","Other","2","","Square Feet","2023","2,837","4,191"
"1","T3439017","CAN","2305 S HESPERIDES ST","TAMPA","33629","$1,875,000","","","","86","86","Two","","2","25x22","Square Feet","1971","4,239","4,853"
"1","T3483076","CAN","4802 W JUNO ST","TAMPA","33629","$1,899,000","","","","20","20","Two","","2","","Square Feet","1985","3,488","3,584"
"1","O6163357","CAN","17816 SAINT LUCIA ISLE DR","TAMPA","33647","$1,900,000","","","","3","3","Two","","4","10x80","Square Feet","1995","4,634","6,177"
"1","A4573897","CAN","3311 W VILLA ROSA ST","TAMPA","33611","$1,900,000","","","","9","9","Two","","2","20x20","Square Feet","2006","2,416","3,068"
"1","T3449006","CAN","4116 W ZELAR ST","TAMPA","33629","$1,948,000","","","","38","38","Two","","2","","Square Feet","2023","3,784","4,826"
"1","O6140131","CAN","2937 W BAYSHORE CT","TAMPA","33611","$1,990,000","","","","56","56","Two","","2","20x27","Square Feet","2012","3,566","3,566"
"1","T3373918","CAN","3710 W CLEVELAND ST","TAMPA","33609","$1,999,400","","","","414","414","Two","","2","","Square Feet","2023","4,317",""
"1","T3460468","CAN","6414 E MACLAURIN DR","TAMPA","33647","$1,999,900","","","","93","93","Two","","3","","Square Feet","1996","5,392","7,475"
"1","T3411467","CAN","4704 W EUCLID AVE","TAMPA","33629","$2,000,000","","","","295","295","Two","","2","","Square Feet","2022","4,580","5,830"
"1","O6136871","CAN","4704 W EUCLID AVE","TAMPA","33629","$2,040,900","","","","44","339","Two","","2","","Square Feet","2022","4,580","5,830"
"1","T3457408","CAN","2110 W WATROUS AVE","TAMPA","33606","$2,150,000","","","","52","52","Two","","2","","Square Feet","1925","2,913","3,920"
"1","T3473088","CAN","2715 BAYSHORE BLVD","TAMPA","33629","$2,199,000","","","","15","15","Two","","2","","Square Feet","1926","1,681","1,681"
"1","T3455785","CAN","8414 DUNHAM STATION DR","TAMPA","33647","$2,250,000","","","","114","114","Two","","3","","Square Feet","2016","5,382","7,685"
"1","O6132163","CAN","3306 S OMAR AVE","TAMPA","33629","$2,275,000","","","","55","55","Three Or More","","3","","Square Feet","2023","4,743","4,743"
"1","T3477947","CAN","3306 S OMAR AVE","TAMPA","33629","$2,299,400","","","","35","90","Three Or More","","3","","Square Feet","2023","4,743","4,743"
"1","T3394939","CAN","2626 W SUNSET DR","TAMPA","33629","$2,395,000","","","","236","261","Two","","1","12x27","Square Feet","1925","4,664","5,683"
"1","T3444736","CAN","1003 S LOIS AVE","TAMPA","33629","$2,399,000","","","","35","35","Two","","2","","Square Feet","2024","4,327","5,018"
"1","T3441431","CAN","4801 W LEONA ST","TAMPA","33629","$2,399,000","","","","104","140","Two","","3","","Square Feet","2023","4,533","5,887"
"1","T3395449","CAN","3012 W TRILBY AVE","TAMPA","33611","$2,490,000","","","","455","455","Two","","2","","Square Feet","2022","3,644","4,933"
"1","T3366882","CAN","3909 W AZEELE ST","TAMPA","33609","$2,495,000","","","","454","454","Two","","2","","Square Feet","2023","4,454",""
"1","T3429843","CAN","2905 SAFE HARBOR DR","TAMPA","33618","$2,500,000","","","","86","86","Two","","3","","Square Feet","1997","5,977","5,977"
"1","T3366879","CAN","3911 W AZEELE ST","TAMPA","33609","$2,549,000","","","","454","454","Two","","2","","Square Feet","2023","4,454",""
"1","T3332464","CAN","3016 S EMERSON ST","TAMPA","33629","$2,565,000","","","","200","200","Two","","2","26x22","Square Feet","2022","5,090","6,135"
"1","T3461959","CAN","4715 W LAUREL RD","TAMPA","33629","$2,595,000","","","","84","102","Two","","2","23x22","Square Feet","2023","5,071","5,985"
"1","T3467976","CAN","601 BOSPHOROUS AVE","TAMPA","33606","$2,599,000","","","","94","94","Two","","3","","Square Feet","2008","4,546","6,447"
"1","T3458434","CAN","626 E DAVIS BLVD","TAMPA","33606","$2,600,000","","","","152","152","Three Or More","","2","19x23","Square Feet","2024","3,600","5,098"
"1","T3448332","CAN","4717 W ESTRELLA ST","TAMPA","33629","$2,600,000","","","","67","67","Three Or More","","3","","Square Feet","2023","4,670","9,782"
"1","T3459956","CAN","1403 NANCE AVE","TAMPA","33606","$2,650,000","","","","123","123","Two","","2","","Square Feet","1919","3,572","4,192"
"1","U8213906","CAN","2911 W COACHMAN AVE","TAMPA","33611","$2,789,800","","","","61","61","Two","","3","","Square Feet","2023","4,577","6,170"
"1","T3451019","CAN","439 MARMORA AVE","TAMPA","33606","$2,790,000","","","","90","90","One","","2","21x24","Square Feet","1941","2,579","3,399"
"1","T3400588","CAN","15612 COCHESTER RD","TAMPA","33647","$2,899,500","","","","372","372","Two","","3","","Square Feet","1994","6,673","8,038"
"1","T3457788","CAN","5104 W EVELYN DR","TAMPA","33609","$2,940,000","","","","6","288","Two","","3","28x20","Square Feet","2023","4,762","6,021"
"1","T3433003","CAN","16403 AVILA BLVD","TAMPA","33613","$2,995,000","","","","29","29","Two","","4","","Square Feet","1982","7,551","9,665"
"1","T3433829","CAN","4211 WOODMERE RD","TAMPA","33609","$3,200,000","","","","120","120","Two","","3","28x20","Square Feet","2023","5,236","7,411"
"1","T3472926","CAN","2218 S OCCIDENT ST","TAMPA","33629","$3,230,000","","","","10","10","Two","","3","21x28","Square Feet","2024","5,170","6,320"
"1","T3432000","CAN","1207 BAYSHORE BLVD","TAMPA","33606","$3,250,000","","","","21","21","Three Or More","","3","","Square Feet","2024","6,503","9,500"
"1","T3386625","CAN","3701 S LYNWOOD AVE","TAMPA","33611","$3,400,000","","","","347","347","Two","","3","","Square Feet","2023","5,018","6,536"
"1","T3448078","CAN","3301 W DORCHESTER ST","TAMPA","33611","$3,490,000","","","","76","76","Two","","3","28x20","Square Feet","2023","5,957","7,313"
"1","T3399802","CAN","3207 SERENITY ESTATES LN","TAMPA","33611","$3,504,440","","","","431","431","Three Or More","","2","","Square Feet","2023","4,348","6,801"
"1","T3399758","CAN","3211 SERENITY ESTATES LN","TAMPA","33611","$3,504,440","","","","421","421","Three Or More","","2","","Square Feet","2023","4,348","6,801"
"1","T3399752","CAN","3217 SERENITY ESTATES LN","TAMPA","33611","$3,504,440","","","","426","426","Three Or More","","2","","Square Feet","2023","4,348","6,801"
"1","T3406579","CAN","538 SEVERN AVE","TAMPA","33606","$3,595,000","","","","344","344","Two","","2","30x18","Square Feet","2023","5,133","6,580"
"1","T3384126","CAN","4614 W TENNYSON AVE","TAMPA","33629","$3,850,000","","","","412","412","Two","","3","","Square Feet","2024","5,830","7,392"
"1","T3434116","CAN","511 SEVERN AVE","TAMPA","33606","$3,900,000","","","","215","215","Two","","3","","Square Feet","2023","5,894","7,781"
"1","T3470843","CAN","834 S DAVIS BLVD","TAMPA","33606","$3,990,000","","","","10","10","Three Or More","","6","20x55","Square Feet","2022","5,535","8,303"
"1","T3474504","CAN","46 MARTINIQUE AVE","TAMPA","33606","$4,200,000","","","","8","8","Two","","2","","Square Feet","1959","3,990","5,152"
"1","T3367261","CAN","196 BLANCA AVE","TAMPA","33606","$4,200,000","","","","417","417","Three Or More","","","","Square Feet","1994","3,707",""
"1","T3455688","CAN","1602 CULBREATH ISLES DR","TAMPA","33629","$4,343,550","","","","17","17","Two","","3","","Square Feet","2024","6,553","9,462"
"1","T3433706","CAN","3307 ELIZABETH CT","TAMPA","33629","$4,400,000","","","","183","183","Two","","4","","Square Feet","2023","5,500","7,648"
"1","T3427511","CAN","5021 W LEONA ST","TAMPA","33629","$4,500,000","","","","153","153","Two","","3","","Square Feet","2024","6,120","8,165"
"1","T3401772","CAN","591 MARMORA AVE","TAMPA","33606","$4,500,000","","","","3","3","Three Or More","","5","","Square Feet","1955","4,865","7,080"
"1","T3407129","CAN","814 S DAVIS BLVD","TAMPA","33606","$4,600,000","","","","354","354","Three Or More","","2","23x22","Square Feet","2022","5,751","7,923"
"1","T3383692","CAN","4 W SPANISH MAIN ST","TAMPA","33609","$4,750,000","","","","194","194","Three Or More","","2","40x22","Square Feet","2024","4,335",""
"1","T3445313","CAN","2902 W FAIR OAKS AVE","TAMPA","33611","$4,950,000","","","","147","147","Three Or More","","2","","Square Feet","1983","8,525","9,192"
"1","T3433434","CAN","3402 S ALMERIA AVE","TAMPA","33629","$4,995,000","","","","189","189","Two","","2","31x26","Square Feet","1949","6,554","8,382"
"1","T3399209","CAN","14 W SPANISH MAIN ST","TAMPA","33609","$5,595,000","","","","265","265","Two","","2","","Square Feet","2013","5,161","6,955"
"1","T3455701","CAN","5833 MARINER ST","TAMPA","33609","$5,900,000","","","","78","78","Two","","4","","Square Feet","2024","5,815","9,978"
"1","T3445561","CAN","1604 CULBREATH ISLES DR","TAMPA","33629","$6,495,000","","","","166","166","Two","","4","","Square Feet","2009","8,887","8,887"
"1","T3399642","CAN","464 LUCERNE AVE","TAMPA","33606","$6,850,000","","","","344","344","Two","","3","25x40","Square Feet","2014","6,536","8,652"
"1","T3379167","CAN","48 SANDPIPER RD","TAMPA","33609","$6,995,000","","","","395","395","Three Or More","","3","","Square Feet","2023","6,564","12,137"
"1","T3457299","CAN","5011 S SHORE CREST CIR","TAMPA","33609","$7,400,000","","","","123","123","Two","","4","","Square Feet","2024","6,808","9,362"
"1","T3309013","CAN","112 S 12TH ST","TAMPA","33602","$7,499,000","","","","188","188","Three Or More","","","","Square Feet","1930","16,910","17,871"
"1","T3414256","CAN","5107 W HOMER AVE","TAMPA","33629","$8,695,000","","","","250","250","Two","","6","66x68","Square Feet","2023","6,532","12,896"
"1","T3409836","CAN","104 LADOGA AVE","TAMPA","33606","$12,000,000","","","","128","128","Two","","3","","Square Feet","2023","7,416",""
"1","T3410725","CAN","5224 W NEPTUNE WAY","TAMPA","33609","$15,500,000","","","","180","180","Three Or More","","4","","Square Feet","2007","10,123",""
"1","T3437882","WDN-C","6012 S 82ND ST","TAMPA","33619","$208,000","","","","1","1","One","","","","Square Feet","2004","985","985"
"1","T3469534","WDN-C","9907 N 18TH ST","TAMPA","33612","$225,000","","","","17","17","One","","","","Square Feet","1952","1,248","1,620"
"1","U8215114","WDN-C","7311 ARDENWOOD ST","TAMPA","33625","$245,000","","","","71","71","One","","","","Square Feet","1977","816","1,104"
"1","T3461725","WDN-C","3401 N 51ST ST","TAMPA","33619","$275,000","","","","19","19","One","","","","Square Feet","2006","1,200","1,296"
"1","T3456480","WDN-C","1725 E IDELL ST","TAMPA","33604","$285,000","","","","48","48","Two","","","","Square Feet","1983","1,456","1,456"
"1","T3473524","WDN-C","3607 E CARACAS ST","TAMPA","33610","$309,000","","","","14","32","One","","","","Square Feet","1930","1,374","1,524"
"1","T3472437","WDN-C","1005 E CHELSEA ST","TAMPA","33603","$310,000","","","","68","68","One","","","","Square Feet","1947","852","1,144"
"1","T3476247","WDN-C","1910 E HENRY AVE","TAMPA","33610","$315,000","","","","57","57","One","","","","Square Feet","1950","844","844"
"1","T3455115","WDN-C","7102 S FITZGERALD ST","TAMPA","33616","$315,000","","","","12","12","Two","","","","Square Feet","1961","2,016","2,016"
"1","A4582747","WDN-C","13214 LARAWAY CT","RIVERVIEW","33579","$323,500","","","","68","68","One","","1","20x13","Square Feet","1990","1,236","1,529"
"1","T3440009","WDN-C","2538 W FERN ST","TAMPA","33614","$325,000","","","","7","7","One","","","","Square Feet","1958","2,262","2,726"
"1","T3457311","WDN-C","10617 NE OPUS DR","RIVERVIEW","33579","$325,900","","","","18","18","One","","2","","Square Feet","2003","1,292","1,860"
"1","T3465607","WDN-C","405 E DR MARTIN LUTHER KING JR BLVD","TAMPA","33603","$329,900","","","","105","263","One","","","","Square Feet","1924","1,260","1,300"
"1","T3485260","WDN-C","12840 HAMPTON HILL DR","RIVERVIEW","33578","$335,000","","","","37","37","One","","2","","Square Feet","2006","1,727","1,727"
"1","T3471651","WDN-C","1723 E IDELL ST","TAMPA","33604","$335,000","","","","91","91","One","","","","Square Feet","1982","1,404","1,488"
"1","T3454771","WDN-C","10104 N 15TH ST","TAMPA","33612","$335,000","","","","104","104","One","","","","Square Feet","1955","1,243","1,859"
"1","T3453782","WDN-C","1404 E 27TH AVE","TAMPA","33605","$335,000","","","","38","38","One","","1","","Square Feet","1998","1,448","1,568"
"1","T3437080","WDN-C","10243 BOGGY MOSS DR","RIVERVIEW","33579","$335,000","","","","126","126","One","","2","18X20","Square Feet","2019","1,450","1,850"
"1","T3446890","WDN-C","4033 FORECAST DR","BRANDON","33511","$345,000","","","","182","182","One","","1","","Square Feet","1986","1,268","1,732"
"1","T3460876","WDN-C","10116 ENCHANTED OAKS CT","TAMPA","33615","$345,900","","","","22","22","One","","1","10x10","Square Feet","1981","1,085","1,640"
"1","T3461352","WDN-C","11205 N ANNETTE AVE","TAMPA","33612","$349,900","","","","40","40","One","","","","Square Feet","1955","1,282","1,282"
"1","T3480134","WDN-C","1605 E MARKS DR","TAMPA","33604","$360,000","","","","19","19","One","","","","Square Feet","1927","1,096","1,100"
"1","T3475856","WDN-C","2013 MAPLE AVE","TAMPA","33605","$360,000","","","","5","5","One","","","","Square Feet","1942","1,395","1,395"
"1","T3463825","WDN-C","1706 NE LAMBRIGHT ST","TAMPA","33610","$360,000","","","","63","63","One","","","","Square Feet","1949","1,356","1,356"
"1","O6122319","WDN-C","2013 DARLINGTON DR","TAMPA","33619","$360,000","","","","1","1","One","","","","Square Feet","1959","1,376","1,716"
"1","T3469575","WDN-C","524 AVOCADO CIR","BRANDON","33510","$365,000","","","","96","96","One","","","","Square Feet","1974","1,438","1,772"
"1","T3458655","WDN-C","12903 BRANT TREE DR","RIVERVIEW","33579","$369,900","","","","81","81","Two","","2","","Square Feet","1998","2,087","2,608"
"1","L4937881","WDN-C","11811 CLARE HILL AVE","RIVERVIEW","33579","$375,000","","","","109","109","One","","2","","Square Feet","2020","1,485","2,090"
"1","T3478176","WDN-C","13210 BEECHBERRY DR","RIVERVIEW","33579","$379,900","","","","64","64","One","","2","","Square Feet","2004","1,704","2,000"
"1","T3463543","WDN-C","3316 W PINE ST","TAMPA","33607","$380,000","","","","3","3","One","","1","10X10","Square Feet","1969","1,320","1,756"
"1","T3470621","WDN-C","4305 E HENRY AVE","TAMPA","33610","$385,000","","","","14","14","One","","","","Square Feet","1967","1,300","1,400"
"1","T3461738","WDN-C","304 W IDLEWILD AVE","TAMPA","33604","$385,000","","","","52","52","One","","","","Square Feet","1980","816","1,112"
"1","T3456952","WDN-C","2932 N TAMPA ST","TAMPA","33602","$389,999","","","","63","63","One","","","","Square Feet","1930","1,134","1,242"
"1","T3479005","WDN-C","716 BURLWOOD ST","BRANDON","33511","$395,000","","","","35","35","Two","","2","","Square Feet","1999","2,113","2,948"
"1","T3471305","WDN-C","12829 TALLOWOOD DR","RIVERVIEW","33579","$395,000","","","","48","48","One","","2","","Square Feet","1987","1,751","2,746"
"1","T3461924","WDN-C","11614 WELLMAN DR","RIVERVIEW","33578","$399,900","","","","101","101","One","","2","","Square Feet","1992","1,683","2,471"
"1","T3449428","WDN-C","2515 HABANA PL","TAMPA","33618","$399,990","","","","74","74","One","","1","","Square Feet","1960","1,080","1,170"
"1","T3456283","WDN-C","6711 S GABRIELLE ST","TAMPA","33611","$400,000","","","","6","6","One","","","","Square Feet","1948","1,240","1,264"
"1","T3438769","WDN-C","10368 BLUE PLUME CT","RIVERVIEW","33578","$405,990","","","","121","121","Two","","2","","Square Feet","2022","1,914","2,409"
"1","T3476987","WDN-C","11229 SAGE CANYON DR","RIVERVIEW","33578","$412,000","","","","19","19","One","","2","19x21","Square Feet","2019","1,935","2,620"
"1","T3463679","WDN-C","415 E HAMILTON AVE","TAMPA","33604","$415,000","","","","41","41","One","","","","Square Feet","1922","1,498","1,522"
"1","T3457878","WDN-C","605 CAROLYN DR","BRANDON","33510","$420,000","","","","56","56","One","","2","","Square Feet","1963","1,662","2,318"
"1","U8213711","WDN-C","2512 W CORDELIA ST","TAMPA","33607","$425,000","","","","30","30","One","","","","Square Feet","1923","1,211","1,759"
"1","T3458112","WDN-C","1519 W MOHAWK AVE","TAMPA","33603","$425,000","","","","8","8","One","","","","Square Feet","1983","2,140","2,140"
"1","T3454043","WDN-C","10818 NEWBRIDGE DR","RIVERVIEW","33579","$425,000","","","","24","111","Two","","2","20x20","Square Feet","2004","2,396","3,054"
"1","T3392041","WDN-C","2802 W PEARL AVE","TAMPA","33611","$425,000","","","","130","130","One","","1","12X20","Square Feet","1972","1,514",""
"1","U8222025","WDN-C","12702 HAMPTON PARK BLVD","TAMPA","33624","$430,000","","","","18","18","One","","1","","Square Feet","1986","1,491","1,898"
"1","L4932618","WDN-C","11004 LELAND GROVES DR","RIVERVIEW","33579","$430,000","","","","5","5","Two","","2","","Square Feet","2019","2,522",""
"1","U8175856","WDN-C","2116 W VIRGINIA AVE","TAMPA","33607","$439,700","","","","320","320","One","","","","Square Feet","1961","1,512",""
"1","T3468070","WDN-C","5905 N EUSTACE AVE","TAMPA","33604","$440,000","","","","64","64","One","","","","Square Feet","1950","1,120","1,271"
"1","U8206400","WDN-C","3109 N BOULEVARD","TAMPA","33603","$442,500","","","","129","129","One","","1","","Square Feet","1952","1,483","1,944"
"1","T3489269","WDN-C","3309 W BURKE ST","TAMPA","33614","$449,900","","","","12","12","One","","","","Square Feet","1972","1,614","2,778"
"1","A4588686","WDN-C","111 W MINNEHAHA ST","TAMPA","33604","$450,000","","","","8","8","One","","","","Square Feet","2017","1,220","1,369"
"1","T3480011","WDN-C","1914 CORAL TREE CT","BRANDON","33511","$450,000","","","","33","33","Two","","2","","Square Feet","1985","2,168","2,584"
"1","T3467299","WDN-C","11910 FIELD THISTLE CT","RIVERVIEW","33579","$450,000","","","","67","67","One","","3","31x27","Square Feet","2020","2,557","3,288"
"1","T3442419","WDN-C","1237 BALLARD GREEN PL","BRANDON","33511","$450,000","","","","127","127","Two","","2","","Square Feet","2014","2,109","2,648"
"1","T3465008","WDN-C","3209 W SAINT JOHN ST","TAMPA","33607","$455,000","","","","90","90","One","","","","Square Feet","1959","1,064","1,373"
"1","T3463596","WDN-C","5408 LYNN RD","TAMPA","33624","$460,000","","","","55","55","Two","","2","","Square Feet","2005","1,917","1,917"
"1","T3477484","WDN-C","11114 GREEN HARVEST DR","RIVERVIEW","33578","$465,000","","","","14","14","One","","2","","Square Feet","2020","2,168","2,866"
"1","T3474386","WDN-C","2308 BRIANA DR","BRANDON","33511","$465,000","","","","42","52","One","","2","","Square Feet","2000","1,828","2,508"
"1","T3469051","WDN-C","4116 OHIO AVE","TAMPA","33616","$479,900","","","","15","15","One","","","","Square Feet","1958","1,838","1,898"
"1","T3461608","WDN-C","2310 W KNOLLWOOD PL","TAMPA","33604","$479,900","","","","37","37","One","","","","Square Feet","1967","1,732","1,784"
"1","U8218630","WDN-C","1803 TAWNEE PL","BRANDON","33510","$487,500","","","","31","31","One","","2","","Square Feet","1988","2,250","3,061"
"1","U8217979","WDN-C","8806 BAYAUD DR","TAMPA","33626","$489,333","","","","57","57","Two","","2","17x18","Square Feet","2005","2,022","2,405"
"1","T3488695","WDN-C","5628 PADDOCK TRAIL DR","TAMPA","33624","$489,900","","","","15","15","One","","2","","Square Feet","1998","1,733","2,210"
"1","T3428161","WDN-C","4901 COUNTRY AIRE LN","TAMPA","33624","$490,000","","","","149","149","One","","2","","Square Feet","1983","1,656","2,398"
"1","T3429536","WDN-C","11301 HUDSON HILLS LN","RIVERVIEW","33579","$495,000","","","","149","149","Two","","2","","Square Feet","2019","2,466","3,103"
"1","T3476082","WDN-C","264 VAN GOGH CIR","BRANDON","33511","$499,000","","","","46","46","One","","2","26x21","Square Feet","1970","1,846","2,392"
"1","T3468681","WDN-C","4415 W ANITA BLVD","TAMPA","33611","$499,900","","","","70","70","One","","","","Square Feet","1953","1,575","1,575"
"1","T3468664","WDN-C","11733 SUMMER SPRINGS DR","RIVERVIEW","33579","$499,900","","","","87","87","Two","","3","","Square Feet","2005","2,742","3,630"
"1","T3475961","WDN-C","11309 GREAT NECK RD","RIVERVIEW","33578","$499,990","","","","24","24","Two","","2","","Square Feet","2016","2,300","3,007"
"1","T3477343","WDN-C","13825 CHERRY BROOK LN","TAMPA","33618","$500,000","","","","60","60","One","","2","","Square Feet","1974","1,749","2,645"
"1","T3450349","WDN-C","16504 ROUND OAK DR","TAMPA","33618","$500,000","","","","90","90","One","","2","24x22","Square Feet","1983","2,040","2,752"
"1","U8208112","WDN-C","4415 AKITA DR","TAMPA","33624","$519,900","","","","84","84","Two","","2","20x20","Square Feet","1980","2,491","3,057"
"1","U8196389","WDN-C","13421 WILLOW BLUESTAR LOOP","RIVERVIEW","33579","$519,900","","","","84","84","Two","","2","","Square Feet","2021","3,362","3,888"
"1","T3489262","WDN-C","12033 ABBYWOOD LN","TAMPA","33626","$529,000","","","","7","7","Two","","2","21x20","Square Feet","1999","1,900","2,404"
"1","T3454184","WDN-C","3704 W WALLACE AVE","TAMPA","33611","$529,900","","","","112","112","One","","","","Square Feet","1958","1,510","2,121"
"1","T3464025","WDN-C","13226 GRAHAM YARDEN DR","RIVERVIEW","33579","$529,999","","","","63","63","Two","","3","","Square Feet","2009","3,139","3,994"
"1","T3383944","WDN-C","2805 BANZA ST","TAMPA","33605","$530,990","","","","287","287","Two","","1","","Square Feet","2023","1,644","1,924"
"1","T3470483","WDN-C","9216 EUROPEAN OLIVE WAY","RIVERVIEW","33578","$533,000","","","","43","43","Two","","2","","Square Feet","2013","2,964","4,037"
"1","T3462210","WDN-C","13020 RAIN LILY DR","RIVERVIEW","33579","$535,000","","","","109","109","Two","","2","20x23","Square Feet","2019","2,688","3,511"
"1","U8192119","WDN-C","14011 CHERRY LAKE DR","TAMPA","33618","$539,000","","","","128","128","One","","2","","Square Feet","1974","1,346","2,030"
"1","T3458347","WDN-C","8611 DRIFTWOOD DR","TAMPA","33615","$540,000","","","","33","33","One","","1","","Square Feet","1960","1,022","1,740"
"1","T3463236","WDN-C","11950 BRIGHTON KNOLL LOOP","RIVERVIEW","33579","$545,000","","","","106","106","One","","3","20x29","Square Feet","2020","2,824","3,701"
"1","U8208976","WDN-C","1003 E 19TH AVE","TAMPA","33605","$549,000","","","","117","117","One","","","","Square Feet","1930","1,620","2,333"
"1","T3467608","WDN-C","13216 WELLINGTON HILLS DR","RIVERVIEW","33579","$549,900","","","","81","81","Two","","2","","Square Feet","2014","2,683","3,859"
"1","U8203191","WDN-C","13012 CREEK MANOR CT","RIVERVIEW","33569","$554,999","","","","127","127","One","","3","","Square Feet","1993","2,625","3,477"
"1","T3473598","WDN-C","2463 KNIGHT ISLAND DR","BRANDON","33511","$555,000","","","","73","73","One","","3","","Square Feet","2020","2,528","3,413"
"1","T3454179","WDN-C","12212 ANGEL MIST PL","RIVERVIEW","33579","$559,000","","","","103","103","Two","","3","30x24","Square Feet","2018","3,467","4,324"
"1","T3462265","WDN-C","807 E CHELSEA ST","TAMPA","33603","$560,000","","","","98","98","One","","2","","Square Feet","1927","2,452","3,516"
"1","T3438568","WDN-C","11423 AMAPOLA BLOOM CT","RIVERVIEW","33579","$560,000","","","","206","206","Two","","2","","Square Feet","2018","3,800","4,595"
"1","T3468222","WDN-C","4914 COUNTRY HILLS DR","TAMPA","33624","$574,900","","","","30","30","Two","","2","","Square Feet","1980","2,253","3,048"
"1","T3465149","WDN-C","12411 WINDMILL COVE DR","RIVERVIEW","33569","$575,000","","","","68","68","One","","3","29x19","Square Feet","2000","2,634","3,557"
"1","T3464365","WDN-C","12133 STREAMBED DR","RIVERVIEW","33579","$575,000","","","","84","84","Two","","3","","Square Feet","2012","3,891","4,706"
"1","T3463015","WDN-C","4602 W HAWTHORNE RD","TAMPA","33611","$575,000","","","","30","30","One","","2","22x24","Square Feet","1957","1,650","1,742"
"1","T3458590","WDN-C","1910 W PALMETTO ST","TAMPA","33607","$575,000","","","","17","17","One","","","","Square Feet","2017","1,856","2,051"
"1","T3444246","WDN-C","11803 CLARE HILL AVE","RIVERVIEW","33579","$575,000","","","","99","99","One","","3","20x22","Square Feet","2020","2,780","3,755"
"1","U8211041","WDN-C","6805 MOORING WAY","TAMPA","33615","$590,000","","","","106","106","Two","","2","","Square Feet","1986","2,280","2,988"
"1","T3434748","WDN-C","705 E PLYMOUTH ST","TAMPA","33603","$597,597","","","","130","130","One","","","","Square Feet","1924","2,100","2,220"
"1","O6124995","WDN-C","3615 MARCO DR","TAMPA","33614","$599,000","","","","143","143","One","","1","","Square Feet","2003","2,492","2,841"
"1","T3484526","WDN-C","119 KIANA DR","BRANDON","33511","$600,000","","","","4","4","One","","2","","Square Feet","2002","2,583","3,656"
"1","T3390782","WDN-C","2721 W SITKA ST","TAMPA","33614","$610,000","","","","230","230","One","","2","","Square Feet","2016","2,237","3,258"
"1","T3485059","WDN-C","7225 BLUE BEECH DR","RIVERVIEW","33578","$619,500","","","","28","28","Two","","2","","Square Feet","2016","3,597","4,490"
"1","T3472696","WDN-C","18126 ANTIETAM CT","TAMPA","33647","$624,900","","","","13","13","Two","","2","","Square Feet","1998","2,669","3,261"
"1","U8215335","WDN-C","14194 FENNSBURY DR","TAMPA","33624","$639,000","","","","72","72","One","","2","","Square Feet","1983","2,286","3,183"
"1","U8216024","WDN-C","7911 HAMPTON LAKE DR","TAMPA","33647","$649,900","","","","47","47","Two","","3","28x22","Square Feet","2010","3,039","3,821"
"1","T3459064","WDN-C","6705 N ORLEANS AVE","TAMPA","33604","$649,999","","","","85","85","Two","","","","Square Feet","2023","2,364","2,639"
"1","T3437176","WDN-C","20001 BRIGHT OAK CT","TAMPA","33647","$670,000","","","","115","115","Two","","3","","Square Feet","2007","3,467","4,544"
"1","T3458711","WDN-C","1302 E PARK CIR","TAMPA","33604","$674,999","","","","23","23","One","","2","","Square Feet","1952","2,039","2,400"
"1","T3465646","WDN-C","2206 HOWARD LN","TAMPA","33612","$675,000","","","","71","71","Two","","1","","Square Feet","1954","2,699","3,762"
"1","T3487775","WDN-C","8018 CLEMENTINE LN","TAMPA","33625","$680,000","","","","0","0","One","","2","","Square Feet","2018","2,401","3,093"
"1","T3475022","WDN-C","4718 W LEILA AVE","TAMPA","33616","$698,900","","","","28","28","Two","","2","","Square Feet","2019","2,511","3,029"
"1","T3443517","WDN-C","11927 SAND MYRTLE RD","RIVERVIEW","33579","$735,000","","","","61","61","Two","","3","","Square Feet","2016","3,233","4,066"
"1","T3466961","WDN-C","7920 SPRING VALLEY DR.","TAMPA","33615","$739,000","","","","17","17","One","","2","","Square Feet","1980","3,715","6,342"
"1","T3466364","WDN-C","18005 MALAKAI ISLE DR","TAMPA","33647","$739,000","","","","94","94","Two","","4","","Square Feet","2006","2,888","3,696"
"1","T3479492","WDN-C","12821 SATIN LILY DR","RIVERVIEW","33579","$740,000","","","","59","59","Two","","3","28x22","Square Feet","2021","3,606","4,590"
"1","T3476940","WDN-C","8113 BAY DR","TAMPA","33635","$749,000","","","","5","5","Two","Unfinished","","","Square Feet","1988","2,359","2,359"
"1","T3456679","WDN-C","7614 S DESOTO ST","TAMPA","33616","$749,000","","","","18","18","Two","","2","","Square Feet","2014","2,246","2,893"
"1","T3442383","WDN-C","6508 S HIMES AVE","TAMPA","33611","$749,000","","","","32","32","One","","2","","Square Feet","2014","1,820","1,820"
"1","T3483874","WDN-C","10330 STALLION FIELDS WAY","TAMPA","33647","$765,000","","","","5","5","Two","","3","","Square Feet","2019","3,566","4,465"
"1","T3473275","WDN-C","13210 SUNSET SHORE CIR","RIVERVIEW","33579","$775,000","","","","60","60","Two","","3","","Square Feet","2017","4,918","5,955"
"1","T3455607","WDN-C","11022 CHARMWOOD DR","RIVERVIEW","33569","$775,000","","","","45","45","Two","","3","","Square Feet","2013","4,212","5,248"
"1","W7856555","WDN-C","3017 W ASBURY PL","TAMPA","33611","$795,000","","","","63","63","One","","2","","Square Feet","1965","1,748","2,324"
"1","T3450155","WDN-C","13104 WATERFORD RUN DR","RIVERVIEW","33569","$824,900","","","","34","34","Two","","3","32x22","Square Feet","1988","4,130","5,455"
"1","T3445099","WDN-C","8327 OLD TOWN DR","TAMPA","33647","$830,000","","","","154","154","Two","","3","","Square Feet","2006","3,561","4,826"
"1","T3460915","WDN-C","3606 S GRADY AVE","TAMPA","33629","$835,900","","","","117","117","One","","1","40x20","Square Feet","1949","1,872","2,640"
"1","T3434567","WDN-C","3121 W CYPRESS ST","TAMPA","33607","$899,989","","","","135","353","Two","","2","","Square Feet","2023","2,499","3,008"
"1","T3472157","WDN-C","5110 W EVELYN DR","TAMPA","33609","$960,000","","","","36","36","One","","","","Square Feet","1961","2,200","2,200"
"1","T3425672","WDN-C","5824 INTERBAY BLVD","TAMPA","33611","$979,000","","","","227","227","Two","","2","22X18","Square Feet","2007","2,609","3,153"
"1","T3476462","WDN-C","10821 BARBADOS ISLE DR","TAMPA","33647","$1,050,000","","","","12","12","Two","","3","","Square Feet","2005","4,351","5,593"
"1","T3461600","WDN-C","5813 INTERBAY BLVD","TAMPA","33611","$1,190,000","","","","20","20","Two","","2","","Square Feet","2006","2,758","2,758"
"1","T3431410","WDN-C","10739 CORY LAKE DR","TAMPA","33647","$1,190,000","","","","140","416","Two","","3","","Square Feet","2016","5,452","6,548"
"1","T3406837","WDN-C","1305 W NASSAU ST","TAMPA","33607","$1,200,000","","","","29","29","Two","","2","20X20","Square Feet","2023","2,306","2,814"
"1","U8181516","WDN-C","6721 S ENGLEWOOD AVE","TAMPA","33611","$1,290,000","","","","304","304","Two","","2","","Square Feet","2023","3,339","4,769"
"1","T3473626","WDN-C","2921 W EL PRADO BLVD","TAMPA","33629","$1,400,000","","","","11","11","Two","","1","","Square Feet","1917","2,164","2,864"
"1","U8213705","WDN-C","3615 ANDERSON AVE","TAMPA","33611","$1,400,000","","","","85","85","Two","","2","","Square Feet","2024","3,203","3,989"
"1","T3467520","WDN-C","6414 RENWICK CIR","TAMPA","33647","$1,400,000","","","","2","2","Two","","3","","Square Feet","1996","4,804","6,543"
"1","T3459655","WDN-C","524 LIMONA RD","BRANDON","33510","$1,445,000","","","","148","148","One","","","","Square Feet","1963","704","764"
"1","T3437520","WDN-C","4506 W BEACHWAY DR","TAMPA","33609","$1,450,000","","","","139","139","Two","","","","Square Feet","1967","3,640","4,873"
"1","T3448801","WDN-C","16416 BURNISTON DR","TAMPA","33647","$1,475,000","","","","66","66","Two","","4","","Square Feet","2006","5,160","7,387"
"1","T3468166","WDN-C","4610 N CENTRAL AVE","TAMPA","33603","$1,500,000","","","","98","98","Three Or More","Exterior Entry, Partial","","","Square Feet","1890","3,316","3,778"
"1","T3433539","WDN-C","7926 N BRANCH ST","TAMPA","33604","$1,500,000","","","","123","123","Two","","2","","Square Feet","2024","2,295","4,205"
"1","T3456172","WDN-C","3418 W TACON ST","TAMPA","33629","$1,575,000","","","","18","18","Two","","2","","Square Feet","2011","3,064","3,684"
"1","T3460642","WDN-C","4115 SALTWATER BLVD","TAMPA","33615","$1,580,000","","","","112","112","One","","2","23x22","Square Feet","1983","3,199","4,456"
"1","U8188990","WDN-C","810 W PENINSULAR ST","TAMPA","33603","$1,599,999","","","","169","169","One","","2","","Square Feet","2024","3,500","4,200"
"1","T3476292","WDN-C","3713 W LEONA ST","TAMPA","33629","$1,675,000","","","","23","23","Two","","2","","Square Feet","2021","3,560","4,216"
"1","T3436207","WDN-C","4008 W MCKAY AVE","TAMPA","33609","$1,680,000","","","","215","215","Two","","","","Square Feet","1950","3,426","3,962"
"1","T3439698","WDN-C","4625 W WOODMERE RD","TAMPA","33609","$1,799,000","","","","71","71","Two","","","","Square Feet","1926","4,125","4,324"
"1","T3469349","WDN-C","10104 WHITE TROUT LN","TAMPA","33618","$1,800,000","","","","90","90","Two","","2","","Square Feet","1966","4,200","4,943"
"1","T3481574","WDN-C","5709 E LONGBOAT BLVD","TAMPA","33615","$1,850,000","","","","30","30","Two","","3","35x25","Square Feet","1996","4,011","6,096"
"1","T3471727","WDN-C","3806 W EMPEDRADO ST","TAMPA","33629","$1,999,000","","","","59","59","Two","","3","","Square Feet","2015","3,842","4,949"
"1","U8167300","WDN-C","825 S EDISON AVE","TAMPA","33606","$2,050,000","","","","83","83","Two","","2","","Square Feet","1921","3,467",""
"1","U8171760","WDN-C","3207 S MANHATTAN AVE","TAMPA","33629","$2,450,000","","","","399","399","Two","","2","","Square Feet","2023","4,506","5,730"
"1","T3395408","WDN-C","3010 W TRILBY AVE","TAMPA","33611","$2,490,000","","","","402","402","Two","","2","","Square Feet","2022","3,658","4,706"
"1","T3434010","WDN-C","701 S EDISON AVE","TAMPA","33606","$2,800,000","","","","81","81","Three Or More","","","","Square Feet","1922","6,060","7,146"
"1","U8215301","WDN-C","4109 W INMAN AVE","TAMPA","33609","$2,970,000","","","","26","26","Two","","2","","Square Feet","2021","4,006","5,147"
"1","T3466015","WDN-C","840 S DELAWARE AVE","TAMPA","33606","$3,699,000","","","","23","23","Two","","3","","Square Feet","2004","4,141","5,628"
"1","T3401439","WDN-C","3404 W EL PRADO BLVD","TAMPA","33629","$4,200,000","","","","5","5","Two","","2","","Square Feet","2022","5,935",""
"1","T3481303","WDN-C","5001 TROYDALE RD","TAMPA","33615","$4,650,000","","","","19","19","Multi/Split","","5","","Square Feet","1984","6,916","11,290"
"1","U8174089","EXP","1908 E BROAD ST","TAMPA","33610","$205,000","","","","29","29","One","","","","Square Feet","1958","1,046",""
"1","U8181531","EXP","2614 E 20TH AVE","TAMPA","33605","$215,000","","","","86","86","One","","","","Square Feet","1923","788",""
"1","O6046215","EXP","1108 E YUKON ST","TAMPA","33604","$215,000","","","","86","86","One","","","","Square Feet","1945","1,163","1,229"
"1","U8170570","EXP","3705 N 31ST ST","TAMPA","33610","$215,000","","","","126","126","One","","","","Square Feet","1960","916","948"
"1","T3398320","EXP","1412 VILLAGE CT","BRANDON","33511","$224,100","","","","134","134","One","","1","20x10","Square Feet","1973","1,168",""
"1","T3422357","EXP","2008 OCEANVIEW PL","TAMPA","33605","$245,000","","","","105","105","One","","","","Square Feet","1942","848","908"
"1","T3386686","EXP","3211 E CHELSEA ST","TAMPA","33610","$249,000","","","","94","94","One","","","","Square Feet","1959","1,296",""
"1","T3413737","EXP","2615 E CAYUGA ST","TAMPA","33610","$254,900","","","","11","11","One","","","","Square Feet","1984","872","1,166"
"1","T3366522","EXP","3711 N 35TH ST","TAMPA","33610","$255,000","","","","288","288","One","","","","Square Feet","1926","1,180",""
"1","T3448119","EXP","2809 N 29TH ST","TAMPA","33605","$259,900","","","","5","5","One","","","","Square Feet","1994","1,006","1,347"
"1","T3372869","EXP","2526 W PALMETTO ST","TAMPA","33607","$260,000","","","","123","123","One","","","","Square Feet","1908","1,056","1,056"
"1","T3464143","EXP","8506 N BRANCH AVE","TAMPA","33604","$265,444","","","","83","83","One","","","","Square Feet","1940","716","856"
"1","A4579491","EXP","8625 N SEMMES ST","TAMPA","33604","$269,800","","","","42","42","One","","","","Square Feet","1963","1,341","1,341"
"1","P4924644","EXP","1319 E NORFOLK ST","TAMPA","33604","$269,900","","","","9","9","One","","","","Square Feet","1949","1,056","1,076"
"1","T3397977","EXP","3101 E CAYUGA ST","TAMPA","33610","$269,900","","","","56","56","One","","","","Square Feet","1951","1,189","1,483"
"1","T3327749","EXP","7612 LEMONWOOD CT","TAMPA","33625","$274,900","","","","8","8","One","","","","Square Feet","1987","1,401","1,551"
"1","T3394308","EXP","3118 GORDON CT","TAMPA","33619","$275,000","","","","190","190","One","","","","Square Feet","1999","1,144",""
"1","A4546772","EXP","1906 E CHELSEA ST","TAMPA","33610","$280,000","","","","162","162","One","","","","Square Feet","1951","1,038",""
"1","U8201833","EXP","3505 E MCBERRY ST","TAMPA","33610","$285,000","","","","172","172","One","","","","Square Feet","1926","1,252","1,808"
"1","T3391973","EXP","12510 WORCHESTER AVE","TAMPA","33624","$285,000","","","","134","134","One","","","","Square Feet","1957","1,050",""
"1","T3386980","EXP","7221 E EMMA ST","TAMPA","33610","$289,000","","","","17","17","One","","","","Square Feet","1959","858",""
"1","T3393077","EXP","1207 WINDSOR CIR","BRANDON","33510","$291,000","","","","180","180","One","","1","","Square Feet","1974","1,176",""
"1","T3430664","EXP","2102 E 142ND AVE","TAMPA","33613","$299,000","","","","85","85","One","","","","Square Feet","1949","738","1,687"
"1","A4553671","EXP","12426 EARLY RUN LN","RIVERVIEW","33578","$299,000","","","","31","31","One","","2","","Square Feet","2000","1,936","2,368"
"1","T3464828","EXP","2613 E 27TH AVE","TAMPA","33605","$299,900","","","","1","1","One","","","","Square Feet","1964","1,335","1,621"
"1","T3432522","EXP","3716 E CLIFTON ST","TAMPA","33610","$300,000","","","","139","139","One","","","","Square Feet","1952","1,781","1,956"
"1","T3422188","EXP","1017 E 31ST AVE","TAMPA","33603","$300,000","","","","15","15","Two","","","","Square Feet","1949","2,308","3,332"
"1","T3401571","EXP","4707 E 98TH AVE","TAMPA","33617","$300,000","","","","35","35","Two","","","","Square Feet","1977","2,121","2,025"
"1","T3348210","EXP","8727 N RENFREW PL","TAMPA","33604","$300,000","","","","61","61","One","","","","Square Feet","1958","1,143",""
"1","T3408522","EXP","8810 BELL CREST CT","TAMPA","33634","$305,000","","","","84","84","One","","","","Square Feet","1980","992",""
"1","A4543030","EXP","702 E NORFOLK ST","TAMPA","33604","$305,000","","","","270","270","One","","3","","Square Feet","1941","1,162","1,422"
"1","T3295794","EXP","6701 GILDA DR","TAMPA","33625","$305,000","","","","3","3","One","","1","","Square Feet","1985","1,500",""
"1","T3374390","EXP","3034 N 39TH ST","TAMPA","33605","$309,900","","","","71","71","One","","","","Square Feet","1962","1,060",""
"1","T3478783","EXP","205 CIRCLE HILL DR","BRANDON","33510","$312,000","","","","24","24","One","","","","Square Feet","1974","1,729","1,829"
"1","T3444839","EXP","10012 N 15TH ST","TAMPA","33612","$314,999","","","","174","174","One","","","","Square Feet","1959","1,530","1,554"
"1","T3458274","EXP","4921 TOWN N COUNTRY BLVD","TAMPA","33615","$315,000","","","","36","36","One","","","","Square Feet","1959","900","900"
"1","T3436620","EXP","4533 W FERN ST","TAMPA","33614","$315,000","","","","5","5","One","","","","Square Feet","1963","1,717","2,431"
"1","T3393839","EXP","911 E 26TH AVE","TAMPA","33605","$317,000","","","","332","332","One","","","","Square Feet","1993","984","1,064"
"1","T3418984","EXP","5704 NEAL DR","TAMPA","33617","$318,000","","","","32","32","One","","","","Square Feet","1957","1,360","1,640"
"1","T3429405","EXP","3001 N 73RD ST","TAMPA","33619","$319,900","","","","46","46","One","","1","","Square Feet","2023","1,046","1,337"
"1","T3427085","EXP","3003 N 73RD ST","TAMPA","33619","$319,900","","","","46","46","One","","1","","Square Feet","2023","1,046","1,337"
"1","T3395463","EXP","10924 N 14TH ST","TAMPA","33612","$319,912","","","","135","135","One","","","","Square Feet","1957","1,668","2,047"
"1","W7853289","EXP","919 E DR MARTIN LUTHER KING JR BLVD","TAMPA","33603","$322,000","","","","34","75","One","","","","Square Feet","1969","916","1,169"
"1","T3407018","EXP","517 BROOKER RD","BRANDON","33511","$323,785","","","","73","73","One","","","","Square Feet","1968","2,370",""
"1","T3414403","EXP","7810 FELICE AVE","TAMPA","33614","$324,000","","","","88","88","One","","","","Square Feet","1960","951","1,378"
"1","T3438777","EXP","1305 E 20TH AVE","TAMPA","33605","$324,900","","","","75","75","One","","","","Square Feet","1945","1,124","1,184"
"1","T3444032","EXP","8704 N BROOKS ST","TAMPA","33604","$325,000","","","","6","6","One","","","","Square Feet","1927","1,244","1,244"
"1","OM652300","EXP","3215 DEERFIELD DR","TAMPA","33619","$325,000","","","","61","61","One","","","","Square Feet","1973","1,154","1,352"
"1","T3405922","EXP","304 FLAME TREE CIR","TAMPA","33619","$325,000","","","","176","176","One","","","","Square Feet","1959","1,196",""
"1","T3453586","EXP","13303 HOLLOWBEND LN","RIVERVIEW","33569","$330,000","","","","25","25","One","","2","","Square Feet","1988","1,690","2,794"
"1","T3420599","EXP","7415 SAVANNAH LN","TAMPA","33637","$333,900","","","","42","42","One","","2","","Square Feet","1994","1,529","1,529"
"1","T3456569","EXP","7810 PARISH PL","TAMPA","33619","$334,990","","","","127","127","One","","","","Square Feet","1958","1,734","1,734"
"1","T3416657","EXP","1605 E IDA ST","TAMPA","33610","$335,000","","","","102","102","Two","","","","Square Feet","1926","1,652","1,652"
"1","S5072460","EXP","3201 RIVER GROVE DR","TAMPA","33610","$335,000","","","","157","157","One","","2","","Square Feet","1957","1,265","2,134"
"1","T3389290","EXP","11752 CREST CREEK DR","RIVERVIEW","33569","$335,000","","","","112","112","One","","2","","Square Feet","2004","1,150",""
"1","T3410473","EXP","2020 E OKALOOSA AVE","TAMPA","33604","$339,000","","","","64","64","One","Interior Entry, Unfinished","","","Square Feet","1956","1,206","1,206"
"1","A4558497","EXP","2111 W PALMETTO ST","TAMPA","33607","$339,900","","","","157","157","One","","","","Square Feet","1950","677","769"
"1","T3458138","EXP","8114 N EDISON AVE","TAMPA","33604","$340,000","","","","159","159","One","","2","","Square Feet","1986","1,200","1,000"
"1","T3402737","EXP","14904 W HARDY DR","TAMPA","33613","$340,000","","","","113","113","One","","","","Square Feet","1963","1,650",""
"1","A4546362","EXP","12545 EVINGTON POINT DR","RIVERVIEW","33579","$340,000","","","","127","127","One","","2","","Square Feet","2006","1,317",""
"1","T3385448","EXP","802 E NORTH BAY ST","TAMPA","33603","$340,000","","","","204","204","One","","","","Square Feet","2002","1,280",""
"1","T3416969","EXP","720 STILLVIEW CIR","BRANDON","33510","$344,800","","","","11","32","One","","1","","Square Feet","1986","1,278","1,872"
"1","T3460238","EXP","3630 W CHERRY ST","TAMPA","33607","$344,900","","","","20","20","One","","","","Square Feet","1940","840","915"
"1","O6053631","EXP","1001 E 31ST AVE","TAMPA","33603","$344,900","","","","169","169","Two","","","","Square Feet","1920","1,700","1,700"
"1","T3401524","EXP","11219 RUNNING PINE DR","RIVERVIEW","33569","$344,999","","","","114","114","One","","2","","Square Feet","2010","1,360",""
"1","U8172405","EXP","907 PINE RIDGE CIR E","BRANDON","33511","$345,000","","","","196","196","One","","1","","Square Feet","1986","1,487",""
"1","T3458596","EXP","124 E 127TH AVE","TAMPA","33612","$349,900","","","","116","116","One","","1","","Square Feet","1959","1,142","1,540"
